02129,"5,000","650,000,000","312,500,000","156,250,000",0
01855,"2,000","665,500,000","68,750,000","20,626,000",0
01643,"3,000","882,000,000","150,000,000","45,000,000",0
08489,"5,000","282,000,000","75,000,000","22,500,000",0
01440,"5,000","630,000,000","315,000,000","63,000,000",0
09600,800,"3,488,000,000","200,000,000","100,000,000",0
02153,"2,000","2,287,067,650","372,720,000","37,272,000",1
01490,"4,000","1,580,288,000","234,600,000","102,000,000 ",0
09608,"10,000","962,800,000","800,000,000","240,000,000",0
02158,100,"24,333,536,113","179,917,500","78,225,000 ",0
02159,800,"800,000,000","50,000,000","25,000,000",0
02146,500,"1,725,840,000","94,000,000","9,400,000",0
02125,"1,000","4,237,876,720","190,647,000","82,890,000 ",0
06668,"1,000","3,880,000,000","250,000,000","125,000,000",0
02160,"1,000","29,243,522,244","236,463,000","102,810,000 ",0
02161,"2,000","1,072,423,200","44,686,000","44,686,000",0
02170,500,"2,214,338,316","73,526,000","33,335,000",0
06606,500,"11,142,578,619","76,598,000","38,299,000",0
01024,100,"478,277,184,255","420,001,300","21,913,200",0
06600,500,"12,744,036,144","115,984,500","57,993,000",0
01413,"5,000","540,000,000","250,000,000","100,000,000",0
09888,50,"834,508,197,955","95,000,000","11,400,000",0
06601,500,"12,266,668,200","333,333,500","166,667,000",0
01927,"5,000","594,000,000","198,000,000","99,000,000",0
02187,"8,000","1,122,000,000","187,000,000","37,408,000",0
06127,100,"2,355,147,000","43,324,800","15,597,000",0
09626,20,"376,044,980,064","25,000,000","3,000,000",0
02518,100,"128,263,797,680","34,835,200","3,029,200",1
06608,500,"15,750,200,694","123,822,500","61,912,000",0
09959,500,"41,393,112,229","452,878,500","126,806,000",0
01473,"4,000","580,000,000","250,000,000","100,000,000",0
09961,50,"210,692,800,296","31,635,600","2,214,500",0
06939,"2,000","675,000,000","125,000,000","37,500,000",0
06622,500,"8,990,612,400","123,567,500","49,427,000",0
03658,"1,000","3,826,392,200","214,126,000","20,000,000 ",0
06699,200,"28,684,628,300","16,829,600","8,414,800",0
09982,"2,000","10,544,921,984","328,172,000","32,818,000",0
02195,"5,000","560,000,000","250,000,000","75,000,000",0
02618,100,"264,132,108,658","700,534,900","54,824,500",0
09858,"1,000","32,868,198,640","715,435,000","71,544,000",0
02191,"1,000","4,128,000,000","520,000,000","52,000,000",0
02155,"1,000","2,480,000,000","250,000,000","75,000,000",0
06626,500,"9,923,636,754","413,070,500","36,966,000",0
02190,500,"5,188,903,915","69,000,000","30,000,000",0
02219,500,"7,500,825,000","191,055,000","85,465,000",1
00013,500,"38,885,204,700","119,600,000","13,000,000",0
09868,100,"306,675,170,280","97,083,300","4,250,000",0
00606,"1,000","9,545,000,000","575,000,000","50,000,000",0
02171,500,"18,608,971,629","94,747,000","47,373,500",0
02162,500,"14,909,905,668","67,004,000","29,133,000",0
02150,500,"33,959,497,711","257,269,000","128,634,500",0
01965,"1,000","1,708,782,400","110,765,000","10,000,000",0
02165,"1,000","1,299,866,750","75,685,000","7,000,000",0
02177,200,"2,546,483,645","30,690,600","9,207,200",0
02137,500,"16,018,974,854","125,333,000","55,790,000",0
06913,"2,000","2,681,340,000","384,100,000","33,400,000",0
02192,500,"19,399,733,600","178,145,500","77,548,000",0
02215,"1,000","3,497,967,440","266,851,000","25,000,000 ",0
02209,"1,000","1,318,013,301","39,949,000","19,770,000",0
06909,"1,000","2,988,000,000","172,500,000","45,000,000",0
02205,"1,000","2,716,000,000","175,000,000","52,500,000",0
02207,"1,000","2,860,625,520","133,104,000","12,500,000",0
06611,"1,000","3,512,750,800","180,529,000","16,500,000",0
02175,"1,000","2,214,164,460","130,517,000","12,500,000",0
02015,100,"309,857,311,500","113,869,700","10,000,000",0
06669,"1,000","7,458,662,270","68,633,000","34,318,000",0
09960,500,"8,856,954,994","226,405,000","113,202,500",0
06609,50,"5,397,752,484","6,601,850","3,301,000",0
09918,"8,000","620,000,000","500,000,000","150,000,000",0
09869,500,"25,831,707,377","134,650,000","40,395,000",0
06616,"1,000","5,029,242,333","319,742,000","29,068,000",0
09998,"5,000","600,000,000","200,000,000","60,000,000",0
08646,"3,000","267,000,000","75,000,000","15,000,000",0
02528,"2,000","840,000,000","100,000,000","30,000,000",0
08500,"2,000","356,400,000","45,000,000","13,500,000",0
01802,"2,000","813,780,000","148,500,000","29,704,000 ",0
00301,"2,000","598,500,000","100,000,000","30,000,000",1
09922,"1,000","8,800,440,000","333,400,000","166,700,000",0
01416,"10,000","532,000,000","350,000,000","105,000,000",0
03718,"4,000","2,880,000,000","900,000,000","90,000,000",0
01412,"2,000","771,400,000","133,000,000","13,300,000",0
01925,"2,000","640,000,000","100,000,000","30,000,000",0
09919,"2,000","1,872,000,000","200,000,000","100,000,000",0
01525,500,"3,092,000,000","100,000,000","10,000,000",0
01745,"2,000","2,989,836,000","352,700,000","141,080,000",1
09968,"2,000","12,557,060,000","788,100,000","25,354,000",0
01601,"2,000","573,334,480","333,334,000","33,334,000",0
01937,"5,000","600,000,000","250,000,000","50,000,000",0
01442,"10,000","680,000,000","500,000,000","50,000,000",0
09938,"5,000","540,000,000","250,000,000","45,000,000",0
09929,"10,000",N/A,"500,000,000","50,000,000",0
01740,"5,000","740,000,000","250,000,000","125,000,000",0
09933,"4,000","650,000,000","250,000,000","75,000,000",0
01343,"5,000","638,400,000","266,000,000","26,600,000",0
01859,"1,000","5,392,000,000","400,000,000","32,038,000",0
09916,"2,000","800,000,000","100,000,000","50,000,000",0
01433,"10,000","580,000,000","500,000,000","200,000,000",0
09936,"2,500","867,000,000","75,000,000","22,500,000",0
02263,"10,000","600,000,000","250,000,000","125,000,000",0
01941,"2,000","632,000,000","100,000,000","50,000,000",0
00589,"2,000","1,031,250,000","156,250,000","62,500,000",0
01961,"2,000","982,800,000","126,000,000","37,800,000",0
09969,"1,000","11,201,974,253","250,324,000","125,162,000",0
06918,"2,000","764,400,000","88,400,000","26,520,000",0
01472,"5,000","630,000,000","250,000,000","25,000,000",0
06063,"8,000","580,000,000","500,000,000","50,000,000",0
03390,"2,000","1,216,000,000","192,420,000","19,242,000",0
01950,"4,000","600,000,000","250,000,000","25,000,000",0
09926,"1,000","12,347,494,788","159,495,000","79,748,000",0
01942,"2,000","600,000,000","125,000,000","37,500,000",0
01376,"8,000","650,000,000","250,000,000","25,000,000",0
01463,"4,000","584,000,000","200,000,000","20,000,000",0
01147,"10,000","500,000,000","500,000,000","250,000,000",0
01936,"2,000","600,000,000","125,000,000","12,500,000",0
01953,"5,000","579,600,000","315,000,000","63,000,000",0
09996,"1,000","9,370,245,120","152,511,000","76,256,000",0
08616,"10,000","280,000,000","250,000,000","50,000,000",0
08620,"5,000","278,400,000","120,000,000","60,000,000",0
09923,400,"6,902,316,462","98,724,000","49,362,400",0
09939,500,"7,443,200,440","92,347,500","46,174,000",0
09999,100,"432,103,827,456","171,480,000","20,580,000",0
08496,"2,500","264,000,000","60,000,000","12,000,000",0
09958,"1,000","1,152,000,000","75,000,000","7,500,000",0
09983,"1,000","8,640,000,000","300,000,000","150,000,000",0
02381,"10,000","500,000,000","500,000,000","150,000,000",1
06078,200,"11,100,000,000","120,000,000","60,000,000 ",0
09997,500,"17,380,640,100","225,397,500","112,700,000",0
01650,"8,000","600,000,000","500,000,000","100,000,000",0
09989,500,"4,533,946,700","220,094,500","88,038,000",0
01645,"4,000","696,000,000","116,000,000","58,000,000",0
01957,"2,500","552,640,000","157,000,000","47,100,000",0
01163,"2,500","622,500,000","172,500,000","15,000,000 ",0
01502,"1,000","680,400,000","90,000,000","45,000,000",0
01477,500,"8,666,114,159","121,819,500","52,965,000 ",0
09618,50,"729,327,558,124","133,000,000","15,960,000",0
06958,"1,000","4,700,000,000","250,000,000","125,000,000",0
06978,"1,000","5,660,424,000","114,584,000","50,000,000 ",0
06969,"1,000","72,287,842,528","660,504,000","212,512,000 ",0
08623,"10,000","320,000,000","200,000,000","60,000,000",0
09906,"2,000","1,380,000,000","150,000,000","15,000,000",0
09979,"1,000","5,873,928,000","525,316,000","47,756,000 ",0
01981,"1,000","5,146,000,000","460,000,000","120,000,000 ",0
01971,"1,000","1,784,500,000","115,000,000","50,000,000 ",0
01156,"4,000","705,244,215","82,600,000","8,260,000 ",0
09986,"2,000","1,400,000,000","200,000,000","20,000,000",0
08659,"5,000","360,000,000","150,000,000","15,000,000",0
06933,"2,000","748,000,000","100,000,000","10,000,000",0
09977,"1,000","7,140,000,000","355,000,000","35,500,000",0
09908,500,"1,654,134,000","37,844,500","3,334,000 ",0
09990,"1,000","9,459,916,000","215,510,000","93,700,000 ",0
09668,500,"30,878,763,900","3,312,000,000","84,710,000 ",0
00368,"4,000","552,000,000","200,000,000","20,000,000",0
09913,"4,000","640,000,000","250,000,000","75,000,000",0
01449,"1,000","1,733,334,200","166,667,000","50,002,000",0
06968,"1,000","6,685,533,800","430,618,000","11,113,000 ",0
09987,50,"196,141,785,372","41,910,700","6,915,300",0
01408,"2,000","600,000,000","125,000,000","12,500,000",1
01455,"5,000","750,000,000","312,500,000","31,250,000",0
03347,100,"10,706,510,000","107,065,100","23,019,000",0
09633,200,"106,993,283,700","388,231,800","104,822,600",0
02101,500,"3,560,000,000","100,000,000","50,000,000",0
00909,"1,000","30,871,829,835","374,204,000","138,456,000",0
02057,50,"229,220,698,820","51,750,000","2,250,000",0
09616,800,"4,146,669,984","166,667,200","83,334,400",0
01429,"8,000","704,000,000","400,000,000","80,000,000",0
01179,50,"116,821,303,392","20,422,150","2,042,300",0
06998,500,"11,784,728,904","129,683,500","59,941,000 ",0
09688,50,"57,039,656,328","12,148,650","898,000",0
06988,"1,000","6,981,631,872","543,700,000","271,850,000",0
01952,500,"16,127,231,395","73,079,000","31,774,000",0
02115,"10,000","560,000,000","350,000,000","35,000,000",0
06989,"1,000","12,816,000,000","300,000,000","150,000,000",0
09991,100,"25,192,387,796","43,833,700","4,000,000",0
09677,"1,000","3,079,221,210","877,271,000","53,099,000",0
08657,"2,000","780,000,000","100,000,000","20,000,000",0
02132,"8,000","544,000,000","400,000,000","160,000,000",1
02169,"4,000","1,100,000,000","250,000,000","25,000,000",0
02130,"1,000","712,500,000","53,700,000","16,110,000",0
02096,"1,000","35,697,906,667","260,569,000","130,285,000",0
02107,"2,500","2,460,000,000","250,000,000","100,000,000",0
00873,"1,000","40,470,602,400","588,236,000","58,824,000",1
09698,100,"126,521,407,330","160,000,000","8,000,000",0
09993,"1,000","18,000,000,000","600,000,000","60,000,000",0
02126,500,"8,952,994,250","97,692,000","48,846,000",0
01597,"1,000","650,000,000","62,500,000","25,000,000",0
09901,10,"238,062,075,913","9,786,500","510,600",0
09995,500,"5,567,842,442","76,537,000","30,615,000",0
01351,"2,000","550,000,000","125,000,000","37,500,000",0
06900,"2,000","5,000,000,000","500,000,000","44,738,000",0
01795,"3,000","648,000,000","150,000,000","30,000,000",0
03913,"1,000","16,404,797,194","383,384,000","115,016,000",0
01516,"1,000","39,259,275,000","793,500,000","48,300,000",0
06996,500,"12,134,946,044","157,136,000","77,077,000",0
02599,"1,000","18,600,000,000","600,000,000","32,522,000",0
06666,500,"105,405,407,250","1,621,622,000","162,163,000",1
09666,100,"6,326,582,640","132,911,400","17,943,000",0
02110,"10,000","600,480,000","556,000,000","166,800,000",0
06999,"1,000","6,161,670,000","276,945,000",14298000,0
02142,"1,000","9,921,153,787","138,221,000","55,290,000",0
06993,500,"77,107,006,200","859,195,000","373,563,500 ",0
06618,50,"224,752,630,694","439,185,000","42,009,000",0
09992,200,"53,974,595,675","156,072,400","63,786,200",0
02117,"1,000","6,272,302,400","363,544,000","25,485,000",0
01153,"1,000","2,477,421,450","161,709,000","15,000,000",0
06677,500,"7,932,800,000","296,000,000","29,600,000",0
02148,"1,000","6,199,538,496","281,000,000","140,500,000",0
01167,300,"10,800,470,520","108,284,400","48,240,000",0
02131,"1,000","5,664,000,000","230,000,000","100,000,000",0
01209,200,"49,060,000,000","550,000,000","41,250,000",0
02127,"2,000","5,708,507,400","819,090,000","300,000,000",0
01379,500,"135,000,000","20,000,000","6,000,000",0
01940,"2,000","2,124,000,000","300,000,000","30,000,000",0
01945,400,"3,366,000,000","46,000,000","20,000,000 ",0
08631,"10,000","280,000,000","100,000,000","30,000,000 ",0
02360,"2,000","1,200,000,000","250,000,000","25,000,000 ",0
02885,"2,000","620,000,000","100,000,000","20,000,000 ",0
02013,"1,000","7,039,742,500","301,700,000","23,877,000 ",0
01785,"1,000",N/A,"400,000,000","40,000,000 ",0
01851,"2,000","990,000,000","125,000,000","12,500,000 ",0
06162,"8,000","620,000,000","500,000,000","50,000,000 ",0
01845,"3,000","1,333,335,000","312,471,000","31,248,000 ",0
01890,"2,000","5,400,001,801","353,334,000","35,336,000 ",0
01896,200,"22,974,853,340","152,233,400","13,237,800 ",0
01703,"5,000","750,000,000","300,000,000","60,000,000 ",1
01767,"10,000","550,000,000","250,000,000","50,000,000 ",1
08036,"10,000","541,200,000","230,000,000","115,000,000 ",0
02019,"1,000","8,554,000,000","532,000,000","16,906,000 ",0
01793,"4,000","600,000,000","200,000,000","60,000,000 ",0
01025,"4,000","655,200,000","130,000,000","39,000,000 ",1
01872,"5,000","423,000,000","225,000,000","90,000,000 ",1
08607,"5,000","640,000,000","200,000,000","20,000,000 ",0
02616,500,"12,595,859,610","186,396,000","18,640,000 ",0
01563,"3,000","2,505,000,000","495,000,000","49,500,000 ",0
02108,"4,000","600,000,000","200,000,000","60,000,000 ",0
01902,"2,000","3,514,279,382","354,262,000","14,486,000 ",0
01891,"4,000","620,000,000","250,000,000","125,000,000 ",0
01917,"10,000","1,150,000,000","197,800,000","98,900,000 ",0
01907,"1,000","12,720,000,000","600,000,000","60,000,000 ",0
08096,"5,000","350,000,000","125,000,000","62,500,000 ",0
03316,500,"1,866,900,000","66,700,000","6,670,000 ",0
02682,"4,000","600,000,000","250,000,000","176,068,000 ",1
08537,"10,000","255,000,000","187,500,000","37,500,000 ",0
01797,500,"10,144,946,032","164,513,000","16,452,000 ",0
01865,"4,000","598,000,000","230,000,000","69,000,000 ",0
06185,200,"2,918,759,800","61,699,000","22,899,600 ",0
02718,"1,000","3,360,016,800","533,336,000","5,909,000 ",0
06819,500,"3,231,694,009","80,900,000","4,736,500 ",0
03662,"1,000","3,010,000,000","175,000,000","17,500,000 ",0
02660,"2,000","1,320,000,000","180,000,000","54,000,000 ",0
03321,"2,500","900,000,000","125,000,000","25,000,000 ",0
01545,"10,000","780,000,000","500,000,000","200,000,000 ",0
06806,800,"9,840,720,000","2,504,000,000","150,240,000 ",0
01780,"2,500","657,200,000","155,000,000","31,000,000 ",0
01753,400,"9,000,000,720","111,111,200","11,111,200 ",0
01906,"5,000","720,000,000","300,000,000","120,000,000 ",0
01903,"2,000","690,000,000","125,000,000","62,500,000",0
08635,"4,000","268,000,000","100,000,000","18,596,000 ",0
02135,"10,000","835,616,000","376,540,000","171,250,000 ",0
01873,500,"6,615,000,000","345,000,000","172,500,000 ",0
02346,"2,000","610,000,000","125,000,000","25,000,000 ",0
02230,"5,000","1,055,760,000","498,000,000","149,400,000 ",0
01817,500,"5,586,000,000","200,000,000","9,559,000 ",0
03868,"2,000","15,574,271,257","1,882,609,471","188,300,000 ",0
01857,"1,000","12,093,140,009","103,970,000","10,398,000 ",0
01832,"1,000","1,612,800,000","90,000,000","9,000,000",0
02181,"2,000","8,041,956,000","783,580,000","78,358,000 ",0
06055,"1,000","3,375,398,400","191,670,000","83,335,000 ",0
02060,"1,000","2,840,000,000","240,000,000","10,983,000 ",0
00667,500,"26,714,540,000","435,800,000","33,171,000 ",0
01521,"2,000","6,424,450,912","501,910,000","200,764,000 ",0
06811,"1,000","3,800,000,000","250,000,000","75,000,000 ",0
03692,"2,000","81,366,407,792","551,280,000","38,590,000 ",0
01905,"2,000","12,052,462,606","1,235,300,000","7,698,000 ",0
03877,"2,000","8,713,214,052","1,534,020,000","17,544,000 ",0
02189,"4,000","640,000,000","250,000,000","100,000,000 ",0
01935,"2,000","3,072,000,000","400,000,000","18,446,000 ",0
06117,"2,000","1,147,600,000","400,000,000","9,528,000 ",0
01951,"2,000","20,789,637,669","410,692,000","142,852,000 ",0
01769,"1,000","2,600,676,000","124,900,000","12,490,000 ",0
01286,"1,000","6,214,873,500","383,295,000","33,330,000 ",0
03798,"2,000","2,323,600,000","333,468,000","31,400,000 ",0
01930,"4,000","580,800,000","165,000,000","16,500,000 ",0
00924,"8,000","600,000,000","250,000,000","25,000,000 ",0
01901,"2,000","550,000,000","125,000,000","37,500,000 ",0
01842,"4,000",N/A,"250,000,000","25,000,000 ",1
02180,250,"2,520,000,000","50,000,000","5,000,000 ",0
01839,500,"4,556,473,600","265,000,000","36,542,500 ",0
01931,"1,000","4,906,912,000","333,400,000","33,340,000 ",0
01849,"5,000","560,000,000","200,000,000","40,000,000 ",0
01701,"4,000","680,000,000","250,000,000","50,000,000 ",0
08612,"10,000","330,000,000","150,000,000","45,000,000 ",0
00382,"2,000","3,220,000,000","250,000,000","25,000,000 ",0
01134,"4,000","600,000,000","125,000,000","25,000,000 ",0
01912,"5,000","544,000,000","200,000,000","60,000,000 ",0
01949,"2,000","620,000,000","100,000,000","10,000,000 ",0
01943,"5,000","540,000,000","250,000,000","50,000,000 ",0
06093,"2,000","624,000,000","100,000,000","10,000,000 ",0
02772,500,"23,580,400,000","530,000,000","53,000,000 ",0
01977,"2,000",N/A,"350,000,000","70,000,000 ",0
06805,"2,000","1,612,800,000","280,000,000","28,000,000 ",0
02558,"1,000","3,863,187,000","970,650,000","15,196,000 ",0
01073,"5,000",N/A,"241,705,083","241,705,083 ",0
03928,"2,000","552,000,000","120,000,000","12,000,000 ",0
01920,"10,000",N/A,"650,000,000","195,000,000 ",0
03938,"2,000","680,000,000","72,000,000","21,600,000 ",0
01960,"5,000","600,000,000","250,000,000","25,000,000",0
01876,100,"397,301,910,000","1,669,459,000","72,586,000 ",0
08668,"10,000","288,000,000","300,000,000","120,000,000 ",0
02696,100,"9,193,791,750","64,695,400","6,469,600 ",0
06820,"2,000","4,312,000,000","330,000,000","33,000,000 ",0
03601,"1,000","780,000,000","60,000,000","30,000,000 ",0
06110,"1,000","62,632,342,442","930,184,000","93,020,000 ",0
01846,"1,000","2,792,539,200","79,334,000","23,802,000 ",0
01582,"2,500","700,000,000","138,850,000","13,885,000 ",0
08418,"10,000","221,000,000","250,000,000","75,000,000 ",0
01283,"5,000","600,000,000","200,000,000","80,000,000",0
01959,"2,000","615,000,000","125,000,000","37,500,000 ",0
01895,"1,000","1,500,000,000","125,000,000","12,500,000",0
08441,"10,000","312,000,000","200,000,000","60,000,000 ",0
01853,"2,500","291,750,000","116,700,000","11,670,000 ",0
01967,"2,000","625,000,000","62,500,000","6,250,000",0
01843,"4,000","600,000,000","200,000,000","20,000,000",0
01871,"4,000","568,000,000","100,000,000","50,000,000 ",0
01955,"2,000","600,000,000","125,000,000","50,000,000 ",0
00302,"2,000","6,594,324,500","530,150,000","230,500,000 ",0
01821,200,"52,836,572,788","751,732,000","39,850,000 ",1
06855,100,"7,081,952,243","12,180,900","6,090,500",0
01922,"2,000","608,030,400","66,680,000","33,340,000",0
02163,300,"1,520,912,640","121,868,000","12,187,200",0
01084,"2,000","1,392,000,000","200,000,000","20,000,000 ",0
01870,"2,500","681,200,000","130,000,000","26,000,000",0
01501,200,"832,000,000","40,000,000","20,000,000 ",0
01921,"2,000","2,745,000,000","300,000,000","30,000,000",0
01987,"4,000","700,000,000","250,000,000","75,000,000 ",0
01875,400,"4,303,500,000","90,000,000","9,000,000",0
01692,"2,000","600,000,000","100,000,000","50,000,000",0
01640,"2,000","700,000,000","100,000,000","30,000,000",0
03681,300,"9,659,907,840","182,129,400","18,213,000 ",0
01427,"1,000","2,480,000,000","200,000,000","15,850,000",0
01847,"1,000","469,925,820","133,882,000","40,166,000",0
01401,"20,000","600,000,000","250,000,000","50,000,000",0
06186,"1,000","89,333,400,000","893,340,000","89,334,000 ",0
03603,"3,000","1,650,000,000","375,000,000","37,500,000",1
01346,"4,000","672,000,000","172,800,000","51,840,000",0
08173,"40,000",N/A,"227,679,850","227,679,850 ",0
08627,"8,000","264,000,000","200,000,000","60,000,000 ",0
02103,"1,000","15,000,001,000","529,412,000","37,569,000",0
03348,"2,000","790,000,000","125,000,000","37,500,000",0
02296,"8,000","600,000,000","500,000,000","100,000,000",0
01756,"1,000","3,912,000,000","300,000,000","30,000,000",0
09988,100,"4,034,815,441,632","575,000,000","50,000,000 ",0
01425,"5,000","625,000,000","312,500,000","31,250,000",0
08208,"6,000","288,000,000","150,000,000","15,000,000",0
03759,100,"5,293,651,750","134,016,500","58,268,100 ",0
01747,"2,000","745,000,000","125,000,000","37,500,000",0
02231,"1,000","5,808,000,000","400,000,000","40,000,000",0
08645,"6,000","240,000,000","150,000,000","75,000,000 ",0
08617,"5,000","240,000,000","100,000,000","40,000,000 ",0
01503,"1,000","4,511,278,196","750,000,000","75,000,000 ",0
02500,500,"5,640,834,012","78,537,500","39,269,000",0
02400,200,"6,762,692,300","73,140,000","6,360,000 ",0
09966,"1,000","9,424,000,065","206,313,000","89,702,000 ",0
01593,"2,000","3,520,000,000","250,000,000","31,798,000",0
01691,500,"17,327,430,520","499,830,000","49,983,000",0
08216,"5,000","280,000,000","100,000,000","30,000,000",0
06193,"2,000","560,000,000","79,000,000","15,800,000",0
03680,"2,000","720,000,000","100,000,000","30,000,000",0
06919,100,"4,441,050,833","41,130,100","3,141,400 ",0
06199,"1,000","5,742,000,000","2,200,000,000","55,873,000",0
09928,"1,000","5,270,301,933","161,820,000","16,182,000",0
09909,500,"6,225,000,000","172,500,000","60,000,000 ",0
08501,"2,000","408,000,000","50,000,000","5,000,000 ",0
01542,"1,000","250,500,000","50,000,000","5,000,000",0
01553,"2,000","1,041,120,000","98,400,000","9,840,000",0
08506,"12,000","280,000,000","300,000,000","150,000,000 ",0
02025,"2,000","1,344,000,000","200,000,000","60,000,000 ",0
06049,200,"5,382,002,340","153,333,400","65,333,600 ",0
03738,"1,000","1,528,745,783","91,700,000","8,000,000 ",0
09911,"2,000","1,800,000,000","156,400,000","68,000,000 ",0
03309,"2,000","2,900,000,000","226,550,000","98,500,000 ",0
03699,"2,000","657,686,000","110,400,000","33,120,000 ",0
02292,"2,000","892,800,000","180,000,000","54,000,000 ",0
08350,"8,000","340,000,000","200,000,000","20,000,000 ",0
02448,"2,500","1,064,000,000","190,000,000","57,000,000 ",0
08509,"4,000","300,000,000","120,000,000","12,000,000 ",0
08285,"5,000",N/A,"140,000,000","70,000,000 ",0
08487,"10,000","320,000,000","200,000,000","20,000,000 ",0
08493,"12,000","374,400,000","360,000,000","36,000,000 ",0
08313,"10,000","660,000,000","500,000,000","50,000,000 ",0
06182,"8,000","544,000,000","200,000,000","80,000,000 ",0
08371,"4,000","436,000,000","100,000,000","50,000,000 ",0
06158,"1,000","16,320,000,000","1,000,000,000","100,000,000 ",0
08479,"4,000",N/A,"105,000,000","52,500,000 ",0
08043,"5,000","360,000,000","100,000,000","10,000,000 ",0
01665,"4,000","1,760,000,000","368,000,000","36,800,000 ",1
02139,"1,000","7,046,326,000","2,543,800,000","221,200,000 ",0
08287,"10,000","343,200,000","198,000,000","59,400,000 ",0
08513,"4,000","280,000,000","100,000,000","30,000,000 ",0
02683,"2,000","552,000,000","100,000,000","50,000,000 ",0
08136,"10,000","400,000,000","250,000,000","25,000,000 ",0
08395,"20,000","269,280,000","396,000,000","118,800,000 ",0
06829,"10,000","480,000,000","300,000,000","150,000,000 ",0
08450,"10,000","240,000,000","250,000,000","125,000,000 ",0
03319,250,"18,933,342,800","333,334,000","100,000,500 ",0
01711,"10,000","496,000,000","200,000,000","100,000,000 ",0
08523,"5,000","200,000,000","100,000,000","100,000,000 ",0
08473,"10,000","302,400,000","280,000,000","140,000,000 ",0
08456,"4,000","312,000,000","100,000,000","30,000,000 ",0
01729,"8,000","920,000,000","460,000,000","46,000,000 ",1
08510,"8,000","320,000,000","200,000,000","20,000,000 ",0
08379,"10,000","280,000,000","200,000,000","20,000,000 ",0
08519,"10,000",N/A,"215,000,000","86,000,000 ",1
08040,"5,000","280,000,000","80,000,000","8,000,000 ",0
08535,"20,000","276,000,000","300,000,000","90,000,000 ",0
01183,"2,000","1,500,000,000","300,000,000","30,000,000 ",1
08532,"8,000","280,000,000","200,000,000","60,000,000 ",0
01933,"4,000","365,829,120","96,000,000","48,000,000 ",0
08526,"10,000","241,080,000","143,500,000","43,050,000 ",0
01705,"4,000","400,000,000","100,000,000","50,000,000 ",0
08367,"10,000","264,000,000","200,000,000","20,000,000 ",0
01815,"1,000","3,455,768,640","194,183,990","19,420,000 ",0
01737,"10,000","500,000,000","250,000,000","100,000,000 ",0
01621,"8,000","500,000,000","250,000,000","75,000,000 ",0
02182,"4,000","465,000,000","155,000,000","77,500,000 ",0
02363,"2,500",N/A,"37,822,500","18,912,500 ",0
02377,"1,000","3,638,731,676","252,227,000","25,223,000 ",1
06036,"5,000","580,000,000","250,000,000","125,000,000 ",0
01716,"2,000","324,000,000","67,500,000","33,750,000 ",0
08168,"10,000","320,000,000","250,000,000","100,000,000 ",1
08401,"2,000","260,000,000","50,000,000","25,000,000 ",0
08483,"8,000","280,000,000","200,000,000","60,000,000 ",0
02116,"2,000","600,000,000","120,000,000","60,000,000 ",0
08448,"20,000","216,000,000","225,000,000","112,500,000 ",0
08372,"10,000","280,000,000","168,000,000","84,000,000 ",0
01735,"2,000",N/A,"66,000,000","33,000,000 ",0
08447,"10,000","270,000,000","250,000,000","75,000,000 ",0
08451,"10,000","240,000,000","200,000,000","80,000,000 ",0
01726,"5,000","440,000,000","200,000,000","100,000,000 ",0
02779,"1,000","5,904,000,000","400,000,000","120,000,000 ",0
08507,"4,000","240,000,000","120,000,000","36,000,000 ",1
08511,"4,000","340,000,000","100,000,000","40,000,000 ",0
01671,"2,000","292,867,723","44,320,000","19,270,000 ",0
08241,"5,000","194,400,000","90,000,000","45,000,000 ",0
08107,"10,000","240,000,000","250,000,000","75,000,000 ",0
01833,100,"58,487,722,160","160,094,200","40,023,600 ",0
01742,"5,000","768,000,000","400,000,000","160,000,000 ",0
01750,"10,000","684,000,000","450,000,000","135,000,000 ",1
08151,"5,000","218,400,000","105,000,000","52,500,000 ",0
01752,"10,000","929,968,360","628,400,000","188,520,000 ",0
08391,"4,000",N/A,"110,000,000","11,000,000 ",0
02119,"2,000","1,585,514,693","239,200,000","119,600,000 ",1
08536,"10,000","240,000,000","125,000,000","62,500,000 ",0
01598,"3,000","1,396,680,000","396,000,000","180,000,000 ",0
08521,"5,000","288,000,000","120,000,000","36,000,000 ",0
08527,"5,000","300,000,000","125,000,000","12,500,000 ",1
08490,"5,000","409,190,000","195,500,000","85,000,000 ",0
08545,"8,000","350,000,000","250,000,000","75,000,000 ",0
06119,"3,000","600,000,000","150,000,000","45,000,000 ",0
01978,"2,000","1,040,000,000","200,000,000","100,000,000 ",0
01757,"10,000","408,000,000","300,000,000","150,000,000 ",0
01451,"2,000","272,000,000","50,000,000","25,000,000 ",0
08403,"20,000","320,000,000","500,000,000","250,000,000 ",0
08357,"5,000","312,000,000","130,000,000","65,000,000 ",0
01916,500,"31,160,654,161","1,345,500,000","25,822,500 ",0
02003,200,"11,437,988,987","68,571,800","6,857,200 ",0
06100,200,"17,592,360,972","88,000,000","8,800,000 ",0
08146,"10,000","320,000,000","200,000,000","100,000,000 ",0
01587,"4,000",N/A,"170,000,000","68,000,000 ",0
01592,"5,000","600,000,000","300,000,000","90,000,000 ",0
08305,"10,000","240,000,000","200,000,000","60,000,000 ",1
02262,"3,000","1,197,000,000","285,000,000","142,500,000 ",0
01749,"1,000","654,994,000","33,400,000","16,700,000 ",0
01763,200,"7,740,970,160","79,968,700","23,990,800 ",0
01810,200,"496,707,570,260","2,506,522,000","108,980,000 ",1
01739,500,"10,891,116,810","242,030,000",3350500 ,0
01620,"10,000","510,000,000","300,000,000","150,000,000 ",0
01746,"4,000","600,000,000","250,000,000","75,000,000 ",0
01652,"1,000","2,400,000,000","200,000,000","20,000,000 ",0
06190,200,"25,865,600,000","360,000,000","9,901,200 ",0
01760,"1,000","3,330,000,000","250,000,000","25,000,000 ",0
08502,"8,000","336,000,000","200,000,000","200,000,000 ",0
01996,"1,000","10,176,000,000","800,000,000","14,455,000 ",0
08140,"10,000","320,000,000","200,000,000","20,000,000 ",0
01773,"1,000","5,519,500,000","575,000,000","50,000,000 ",0
06860,"1,000","6,540,000,000","500,000,000","37,795,000 ",0
08223,"4,000","400,000,000","100,000,000","10,000,000 ",0
02051,500,"13,650,805,003","118,703,000","10,402,500 ",0
01721,"5,000","600,000,000","250,000,000","25,000,000 ",0
01775,"4,000","550,000,000","125,000,000","62,500,000 ",0
08219,"10,000","270,000,000","250,000,000","25,000,000 ",0
01968,"4,000","896,000,000","160,000,000","16,000,000 ",0
03700,"1,000","10,077,820,000","347,691,000","30,234,000 ",0
08540,"2,000","288,000,000","50,000,000","5,000,000 ",0
01715,"10,000","540,000,000","375,000,000","75,000,000 ",0
00797,"2,000","5,920,029,600","666,680,000","60,728,000 ",0
03302,"2,000","1,057,582,668","210,000,000","21,000,000 ",0
08525,"2,000","383,400,000","67,500,000","6,750,000 ",0
08606,"10,000","240,000,000","200,000,000","20,000,000 ",0
08547,"10,000","400,000,000","250,000,000","25,000,000 ",0
02048,300,"25,944,268,480","322,836,000","23,662,500 ",0
01576,"1,000","3,410,000,000","500,000,000","6,877,000 ",0
01765,"2,000","12,800,002,560","1,666,668,000","500,004,000 ",0
08512,"10,000","396,000,000","275,000,000","27,500,000 ",0
01758,"2,000","1,888,000,000","200,000,000","100,000,000 ",0
06160,100,"85,615,411,334","65,600,000","5,904,000 ",0
01672,"1,000","17,930,960,000","224,137,000","22,414,000 ",0
01725,"5,000","600,000,000","75,000,000","37,500,000 ",0
01783,"10,000","440,000,000","200,000,000","100,000,000 ",0
08210,"10,000","240,000,000","200,000,000","60,000,000 ",0
01731,"4,000","1,400,000,000","280,000,000","28,000,000 ",0
08482,"10,000","294,000,000","252,000,000","75,600,000 ",0
08609,"10,000","250,000,000","125,000,000","37,500,000 ",0
08475,"5,000","320,000,000","100,000,000","40,000,000 ",0
08601,"10,000","320,000,000","200,000,000","20,000,000 ",0
02552,500,"9,761,755,424","104,756,000","5,217,500 ",0
08619,"10,000","268,800,000","288,000,000","28,800,000 ",0
00788,"2,000","272,485,875,738","43,114,800,000","2,155,740,000 ",0
03690,100,"395,370,364,680","552,308,700","24,013,500 ",0
01969,"1,000","3,576,000,000","300,000,000","30,000,000 ",0
01615,"5,000","468,000,000","150,000,000","75,000,000 ",0
01748,"2,000","704,000,000","100,000,000","10,000,000 ",0
06862,"1,000","94,340,000,000","424,530,000","38,208,000 ",0
02680,"2,000","720,000,000","100,000,000","40,000,000 ",0
08017,"4,000","400,000,000","125,000,000","37,500,000 ",0
01781,"2,000","648,000,000","135,000,000","13,500,000 ",0
01540,"3,000","557,600,805","105,000,000","10,500,000 ",0
01911,100,"19,085,698,498","85,008,000","6,969,800 ",0
01809,500,"4,762,500,000","135,000,000","4,287,000 ",0
01723,"2,000","520,000,000","100,000,000","10,000,000 ",1
01772,200,"5,304,923,700","200,185,800","11,706,600 ",0
01787,250,"6,023,677,400","327,730,000","4,054,000 ",0
03990,200,"25,597,190,500","190,567,000","4,566,000 ",0
01939,"2,000","855,000,000","96,520,000","9,652,000 ",0
06111,"1,000","4,122,842,400","227,880,000","6,450,000 ",0
01894,"5,000","684,000,000","190,000,000","19,000,000 ",0
08603,"10,000","352,000,000","200,000,000","20,000,000 ",0
01741,"4,000","540,000,000","200,000,000","20,000,000 ",0
08516,"5,000","264,000,000","120,000,000","12,000,000",0
08042,"10,000","320,000,000","200,000,000","60,000,000 ",0
01653,"20,000","500,000,000","500,000,000","100,000,000 ",0
08613,"10,000","300,000,000","250,000,000","75,000,000 ",0
01825,"10,000","352,000,000","228,000,000","45,600,000 ",1
08611,"5,000","343,200,000","117,000,000","11,700,000 ",0
01034,"8,000","544,000,000","400,000,000","40,000,000",0
01801,500,"15,654,109,940","236,350,000","23,635,000",0
08259,"4,000","288,000,000","120,000,000","24,000,000",0
01755,"1,000","3,120,000,000","200,000,000","7,123,000",0
01712,"1,000",N/A,"50,000,000","50,000,000 ",0
03616,"2,000","1,680,000,000","300,000,000","30,000,000",0
01835,400,"268,380,000","38,340,000","7,668,000 ",0
02258,"2,000","1,287,624,000","206,350,000","20,636,000 ",0
00780,400,"25,993,806,454","143,839,600","14,384,000 ",0
06890,"2,000","780,000,000","150,000,000","45,000,000 ",0
01761,500,"14,858,695,359","269,993,500","25,032,500 ",0
02168,250,"1,523,200,000","35,000,000","10,500,000 ",0
03992,"2,000","550,000,000","125,000,000","50,000,000 ",0
01119,400,"9,903,808,122","126,972,000","12,697,600 ",0
03668,100,"33,992,872,871","59,441,900","1,157,100 ",0
01790,"5,000",N/A,"250,000,000","25,000,000 ",0
01837,"2,000","4,664,100,000","421,000,000","42,100,000 ",0
02798,"5,000","1,536,000,000","400,000,000","40,000,000",0
01860,"1,000","7,824,440,400","334,204,000","31,888,000 ",0
08621,"8,000","400,000,000","200,000,000","60,000,000 ",0
02359,100,"8,708,371,100","121,795,400","11,647,600 ",0
08622,"8,000","256,000,000","100,000,000","50,000,000 ",0
01992,200,"24,669,069,260","224,532,600","6,474,800 ",0
01983,"1,000","1,855,516,000","545,740,000","16,566,000 ",0
01995,"2,000","3,120,000,000","380,000,000","38,000,000 ",0
01675,400,"9,676,138,284","88,626,800","1,997,200 ",0
01762,"1,000","5,882,259,537","76,390,000","7,639,000 ",0
02892,"2,000","997,500,000","187,500,000","15,656,000 ",0
01820,"1,000","1,431,008,320","75,158,000","7,516,000 ",0
01713,"2,000","628,992,000","268,800,000","13,136,000 ",0
01796,"2,000","600,000,000","120,000,000","24,000,000 ",0
01759,"1,000","734,400,000","54,000,000","5,400,000 ",0
01877,"1,000","3,724,373,670","182,746,500","15,892,000 ",0
08069,"5,000","320,000,000","100,000,000","50,000,000 ",0
08417,"10,000","595,136,000","437,600,000","131,280,000 ",1
08013,"20,000","272,000,000","400,000,000","120,000,000 ",1
08423,"10,000","280,000,000","267,000,000","267,000,000 ",1
08425,"4,000","320,000,000","100,000,000","10,000,000 ",0
08439,"2,000","310,500,000","35,000,000","35,000,000 ",0
03978,"1,000","2,464,188,000","153,080,000","15,140,000 ",0
08347,"8,000","320,000,000","200,000,000","60,000,000 ",0
08455,"10,000","256,000,000","200,000,000","60,000,000 ",0
01655,"5,000","600,000,000","125,000,000","62,500,000 ",0
01257,"1,000","11,800,000,000","560,000,000","56,000,000 ",0
08309,"10,000","199,200,000","150,000,000","60,000,000 ",0
08413,"10,000","324,800,000","280,000,000","42,000,000 ",0
08412,"10,000","280,000,000","200,000,000",100000000 ,0
08452,"2,000","697,165,920","89,840,000","26,984,000 ",0
08365,"5,000","451,616,000","128,300,000",128300000 ,0
02001,"1,000","4,608,142,000","286,220,000","28,622,000 ",0
03329,"1,000","8,266,708,000","666,680,000","66,668,000 ",0
08431,"10,000","338,000,000","325,000,000","325,000,000 ",0
02269,500,"23,362,831,974","192,982,500","57,895,000 ",1
06038,"10,000","420,000,000","250,000,000","125,000,000 ",0
01679,"2,500","800,000,000","200,000,000","20,000,000 ",0
08446,"10,000",N/A,"200,000,000","20,000,000 ",0
08420,"5,000","330,000,000","150,000,000","150,000,000 ",0
01571,"1,000","3,420,000,000","250,000,000","100,000,000 ",0
01551,"1,000","51,689,575,201","1,582,900,000","53,300,000 ",1
08362,"20,000","308,000,000","350,000,000","350,000,000 ",1
01630,"6,000","630,000,000","375,000,000","37,500,000 ",1
08460,"10,000","240,000,000","250,000,000","250,000,000 ",0
01695,"5,000","561,600,000","270,000,000","27,000,000 ",0
01702,"4,000","744,000,000","160,000,000","16,000,000 ",0
01932,"4,000","892,250,000","250,000,000","86,404,000 ",0
01962,"2,000","1,168,500,000","184,500,000","18,450,000 ",1
06113,"2,000","560,000,000","100,000,000","10,000,000 ",0
08405,"4,000","320,000,000","100,000,000","50,000,000 ",0
08257,"10,000","320,000,000","250,000,000","25,000,000 ",0
00994,"4,000","531,200,000","128,000,000","64,000,000 ",0
06088,"1,000","20,740,273,055","1,138,569,000","99,006,000 ",0
08462,"5,000","330,000,000","150,000,000","15,000,000 ",0
08297,"5,000","288,000,000","120,000,000","120,000,000 ",0
01676,"4,000","840,000,000","250,000,000","25,000,000 ",0
08481,"5,000","400,000,000","125,000,000","12,500,000 ",0
08472,"5,000",N/A,"100,000,000","10,000,000 ",1
08291,"5,000","280,000,000","100,000,000","50,000,000 ",0
03848,"1,000","800,640,000","36,000,000","3,600,000 ",0
08152,"10,000","300,000,000","150,000,000","15,000,000 ",0
01216,"1,000","8,349,000,000","3,300,000,000","127,490,000 ",1
08471,"10,000","272,000,000","200,000,000","20,000,000 ",0
02863,"3,000","469,800,000","135,000,000","67,500,000 ",1
08427,"8,000","192,200,000","180,000,000","18,000,000 ",0
08073,"4,000",N/A,"120,000,000","12,000,000 ",0
01552,"5,000","480,000,000","200,000,000","100,000,000 ",0
01693,"4,000","1,620,000,000","450,000,000","135,000,000 ",0
01696,400,"5,434,000,000","110,000,000","33,000,000 ",1
08383,"8,000","320,000,000","200,000,000","80,000,000 ",0
03830,"5,000","518,750,000","250,000,000","125,000,000 ",0
08491,"5,000","330,000,000","150,000,000","45,000,000 ",1
06885,"1,000","452,002,260","133,334,000","40,002,000 ",0
08445,"10,000","294,000,000","150,000,000","45,000,000 ",0
06060,100,"85,963,158,330","199,293,900","39,858,800 ",0
08065,"5,000","288,000,000","100,000,000","50,000,000 ",0
02337,"1,000","651,915,560","58,626,000","23,452,000 ",0
01651,"1,000","2,016,000,000","90,000,000","9,000,000 ",1
08437,"8,000","288,000,000","150,000,000","45,000,000 ",0
08275,"10,000","204,000,000","150,000,000","60,000,000 ",0
08480,"4,000",N/A,"126,000,000","63,000,000 ",0
08392,"10,000","240,000,000","250,000,000","100,000,000 ",0
02225,"5,000",N/A,"307,500,000","153,750,000 ",1
01707,"8,000","588,000,000","350,000,000","175,000,000 ",1
08430,"5,000","384,000,000","160,000,000","48,000,000 ",0
02232,500,"25,104,833,600","532,880,000","50,930,000 ",0
00772,200,"49,852,948,145","174,077,400","49,952,800 ",1
08436,"5,000","276,000,000","100,000,000","50,000,000 ",0
06080,"6,000","468,000,000","225,000,000","112,500,000 ",0
02122,"2,000","1,760,000,000","200,000,000","20,000,000 ",0
08375,"10,000","240,000,000","200,000,000","20,000,000 ",0
01706,"5,000","560,000,000","250,000,000","75,000,000 ",0
08476,"2,000","12,800,000,000","70,000,000","21,000,000 ",0
01337,"1,000","35,452,083,652","1,063,600,000","531,800,000 ",0
08426,"10,000","304,000,000","200,000,000","20,000,000 ",0
08400,"10,000","360,000,000","250,000,000","25,000,000 ",0
01720,"4,000","1,045,000,000","275,000,000","27,500,000 ",0
02858,500,"48,327,683,050","878,680,000","307,538,000 ",0
03358,500,"6,138,667,800","264,598,000","26,460,000 ",0
01975,"4,000","696,000,000","120,000,000","36,000,000 ",0
01710,"4,000","720,000,000","250,000,000","125,000,000 ",0
08406,"10,000","280,000,000","200,000,000","60,000,000 ",1
01697,"1,000","3,513,617,250","647,075,000","64,708,000 ",1
08118,"8,000","250,000,000","200,000,000","20,000,000 ",0
08402,"5,000","336,000,000","120,000,000","60,000,000 ",0
08373,"5,000","320,000,000","100,000,000","10,000,000 ",0
08429,"5,000","288,000,000","120,000,000","36,000,000 ",0
01417,"2,000","856,000,000","100,000,000","50,000,000 ",0
08495,"4,000","280,000,000","80,000,000","40,000,000 ",0
01475,"1,000","4,522,885,011","268,580,000","80,574,000 ",0
02227,"4,000","714,000,000","210,000,000","105,000,000 ",0
06090,"1,000","2,774,569,459","36,000,000","10,800,000 ",0
08385,"10,000","280,000,000","200,000,000","60,000,000 ",0
00839,"1,000","14,040,000,000","500,000,000","50,000,000 ",0
01722,"10,000","600,000,000","250,000,000","75,000,000 ",1
01727,500,"2,473,015,560","461,383,500","42,761,000 ",0
02022,"4,000","1,700,000,000","500,000,000","50,000,000 ",0
08377,"10,000","300,000,000","200,000,000","60,000,000 ",0
01789,"2,000","2,000,000,000","250,000,000","75,000,000 ",0
08419,"5,000","240,000,000","100,000,000","30,000,000 ",0
03878,"2,000","480,000,000","100,000,000","30,000,000 ",0
00784,"10,000","440,000,000","200,000,000","60,000,000 ",1
02708,"2,000","720,000,000","100,000,000","10,000,000 ",0
08422,"10,000","260,000,000","250,000,000","25,000,000 ",0
01730,"2,000","949,771,144","42,000,000","4,200,000 ",0
03326,"3,000","630,000,000","112,500,000","11,250,000 ",0
03301,500,"8,289,893,240","339,848,000","912,500 ",0
02768,"2,000","4,464,000,000","450,000,000","45,000,000 ",0
01459,"2,000","193,372,000","133,360,000","13,336,000 ",0
03773,"2,000","730,400,000","115,000,000","30,000,000 ",0
06833,"4,000","1,776,000,000","400,000,000","40,000,000 ",0
03963,"1,000","992,000,000","100,000,000","10,000,000 ",0
01557,"4,000","380,000,000","100,000,000","50,000,000 ",0
02138,"1,000","3,805,608,760","245,827,000","24,500,000 ",0
01419,"2,000","545,868,020","88,182,000","38,340,000 ",0
01469,"4,000","3,500,000,000","507,554,481","52,000,000 ",0
01578,500,"16,488,564,914","995,500,000","5,792,500 ",1
01496,"4,000","648,000,000","151,200,000","75,600,000 ",0
01243,"4,000","1,474,400,000","380,000,000","38,000,000 ",0
01982,"2,000","2,759,750,000","575,000,000","50,000,000 ",0
01565,"1,000","8,760,000,000","750,000,000","27,988,000 ",0
02738,"2,000","1,488,000,000","150,000,000","15,000,000 ",0
03626,"2,000","250,240,000","46,000,000","23,000,000 ",0
02239,"1,000","1,164,000,000","75,000,000","22,500,000 ",0
01585,"2,000","7,440,000,000","750,000,000","63,754,000 ",1
02588,100,N/A,"208,203,000","31,230,600 ",1
01420,"4,000","913,000,000","287,500,000","125,000,000 ",1
01606,"2,000","8,468,714,100","3,142,380,000","71,178,000 ",0
01549,"8,000","532,000,000","350,000,000","175,000,000 ",0
01586,"4,000","496,000,000","100,000,000","30,000,000 ",0
03958,400,"9,603,198,000","1,027,080,000","68,683,600 ",1
01523,"8,000","650,000,000","250,000,000","75,000,000 ",0
02869,"2,000","6,111,107,200","894,442,000","37,116,000 ",0
01560,"2,000","403,200,000","56,000,000","28,000,000 ",0
01612,"2,000","797,500,000","127,600,000","38,280,000 ",0
01589,"1,000","9,551,730,500","1,094,402,000","32,254,000 ",0
01573,"2,000","2,584,800,000","118,000,000","5,254,000 ",0
02278,"1,000","1,374,000,000","75,000,000","1,790,000 ",0
02031,"5,000","532,500,000","187,500,000","187,500,000 ",0
06816,"2,000","1,000,000,000","200,000,000","60,000,000 ",0
06178,200,"9,336,217,488","704,088,800","68,000,000 ",0
03893,"20,000","360,000,000","600,000,000","300,000,000 ",0
01591,"20,000","560,000,000","1,000,000,000","500,000,000 ",1
01526,"1,000","4,489,662,780","399,329,000","39,760,000 ",1
01577,"2,000","315,000,000","180,000,000","18,000,000 ",0
06858,500,"6,687,369,000","133,991,000","13,400,000 ",0
02166,"2,000","1,195,000,000","125,000,000","37,500,000 ",0
01658,"1,000","102,854,945,060","12,426,574,000","605,330,000 ",0
01609,"10,000","535,360,000","191,200,000","95,600,000 ",1
02633,"2,000","2,240,000,000","437,500,000","43,752,000 ",0
03306,500,"4,009,937,500","143,750,000","12,500,000 ",1
01572,"4,000","1,200,000,000","400,000,000","40,000,000 ",0
06099,200,"12,529,527,080","891,273,800","44,564,000 ",0
03686,"10,000","460,000,000","250,000,000","125,000,000 ",0
03689,200,"1,223,713,000","84,394,000","3,078,800 ",0
01458,500,"18,091,866,000","424,470,000","34,428,500 ",0
06163,"2,000","355,000,000","62,500,000","18,750,000 ",0
01608,"1,000","8,883,200,000","560,000,000","45,461,000 ",0
01632,"2,000","430,000,000","50,000,000","25,000,000 ",0
01635,"1,000","2,267,982,750","533,643,000","47,894,000 ",1
01581,"5,000","622,500,000","287,500,000","125,000,000 ",1
06066,500,"9,155,032,512","1,203,704,500","92,842,500 ",1
01617,"4,000","1,232,000,000","280,000,000","28,000,000 ",0
01357,500,"40,582,027,680","574,000,000","57,400,000 ",0
06189,500,"332,406,900","52,763,000","5,277,000 ",0
08062,"5,000","288,000,000","120,000,000","60,000,000 ",1
01629,"4,000","350,000,000","125,000,000","62,500,000 ",0
01580,"5,000","648,000,000","180,000,000","90,000,000 ",0
01272,"1,000","2,815,560,000","567,542,000","4,694,000 ",0
01596,"1,000","839,480,400","224,460,000","22,446,000 ",0
02212,"4,000","352,000,000","88,000,000","26,400,000",0
06866,"2,000","417,000,000","300,000,000","30,000,000 ",0
03708,"5,000","671,280,000","279,700,000","83,910,000 ",1
01993,500,"3,088,800,000","110,000,000","11,000,000",0
06161,"2,000","933,750,000","143,750,000","12,500,000 ",0
01611,"2,000","540,000,000","90,000,000","27,000,000 ",1
06822,"4,000","1,036,000,000","175,000,000","17,500,000",0
01362,"4,000","252,000,000","44,800,000","22,400,000 ",0
01327,"2,000","1,040,000,000","260,000,000","52,000,000",1
00442,"1,000","400,000,000","28,000,000","8,400,000",0
01310,500,"9,050,999,994","644,866,500","53,806,500",0
01858,200,"270,302,640","19,170,400","8,335,000",0
01566,"1,000","1,956,732,480","107,280,000","46,457,000 ",0
01027,"2,000","960,000,000","150,000,000","15,000,000 ",0
01301,"2,000","1,440,000,000","150,000,000","75,000,000 ",0
01530,500,"22,062,026,987","606,100,000","242,440,000 ",1
01430,"2,000","2,412,609,120","226,236,000","20,000,000",0
06183,"1,000","2,590,000,000","150,000,000","15,000,000 ",1
00574,"2,000","1,400,000,000","250,000,000","125,000,000",0
01528,200,"14,114,157,556","543,588,000","54,358,800",0
06133,"1,000","2,601,000,000","212,500,000","63,750,000 ",1
02686,"1,000","12,300,165,004","761,400,000","76,140,000 ",1
06886,200,"38,192,000,000","1,400,000,000","280,000,000 ",0
03396,100,"16,849,721,570","356,230,900","26,470,800 ",0
01986,500,"2,761,198,750","126,125,000","12,500,000 ",0
02193,"4,000","332,000,000","115,000,000","50,000,000 ",0
02286,"1,000","1,600,000,000","100,000,000","10,000,000 ",0
01461,"1,000","1,008,607,600","277,090,000","27,500,000 ",1
01456,500,"3,651,780,000","442,640,000","44,264,000 ",1
03882,"1,000","2,705,078,220","200,319,000","80,000,000 ",0
01498,500,"1,392,750,000","71,130,000","21,339,000 ",1
02666,500,"17,163,045,800","446,738,500","169,276,000 ",0
06836,"2,000","1,680,000,000","250,000,000","25,000,000 ",0
03737,"1,000","2,464,000,000","200,000,000","60,000,000 ",0
06896,500,"4,704,869,240","204,413,000","18,159,000 ",0
02699,"2,000","3,948,000,000","470,000,000","24,610,000 ",0
03969,"1,000","15,400,000,000","1,750,000,000","47,337,000 ",0
01499,"10,000","640,640,000","572,000,000","171,600,000 ",1
00974,"1,000","916,726,400","71,620,000","6,781,000 ",0
01683,"4,000","500,000,000","125,000,000","12,500,000 ",0
01718,"5,000","680,000,000","200,000,000","100,000,000 ",1
02199,"1,000","7,810,715,000","339,250,000","29,500,000 ",0
01527,200,"542,500,000","35,000,000","3,368,400 ",0
01970,100,"12,258,712,500","71,300,000","4,779,900 ",1
01533,500,"275,067,900","35,130,000","3,513,000 ",0
01532,"3,000","847,500,000","187,500,000","93,750,000 ",0
01476,"1,000","1,685,772,000","392,040,000","6,092,000 ",1
01508,"1,000","18,034,425,090","6,072,197,000","576,990,000 ",0
01538,"2,000","1,640,000,000","224,000,000","22,400,000 ",1
01452,"1,000","1,450,000,000","125,000,000","12,500,000 ",0
06865,"1,000","1,206,000,000","450,000,000","28,163,000 ",0
00722,"2,000","1,619,200,000","184,000,000","55,200,000 ",0
02120,100,"783,288,000","20,240,000","8,800,000 ",0
01561,"4,000",N/A,"150,000,000","60,000,000 ",0
03866,500,"9,185,412,246","1,041,898,000","36,023,500 ",1
00331,"1,000","1,341,000,000","112,500,000","62,410,000 ",0
01341,"8,000","480,000,000","250,000,000","100,000,000 ",1
01447,"2,000","600,000,000","100,000,000","30,000,000 ",0
03996,"2,000","16,024,014,280","9,262,436,000","138,552,000 ",1
01979,"4,000","800,000,000","250,000,000","25,000,000 ",0
03799,500,"84,218,822,625","1,694,117,500","169,412,000 ",0
02289,500,"240,800,000","28,000,000","8,400,000 ",0
03600,"1,000","4,900,000,000","250,000,000","25,000,000 ",1
01786,500,"3,063,744,000","531,900,000","53,190,000 ",0
01662,"4,000","515,000,000","125,000,000","37,500,000 ",0
01558,200,"4,177,722,725","90,295,400","9,013,200 ",0
01568,"2,000","2,900,000,000","500,000,000","50,000,000 ",0
03678,"1,000","744,106,000","249,700,000","24,970,000 ",1
01439,"5,000","480,000,000","200,000,000","100,000,000 ",0
01247,"2,000","1,911,680,000","184,000,000","80,000,000 ",0
01799,400,"2,909,053,846","167,276,800","1,770,000 ",0
03332,"2,000","454,116,000","227,058,000","101,900,000 ",0
02080,"2,000","468,900,000","96,600,000","42,000,000 ",0
01543,"2,000","407,733,334","293,333,334","29,336,000 ",1
02226,500,"3,709,062,500","143,750,000","62,500,000 ",0
01622,"2,000","4,160,000,000","400,000,000","40,000,000 ",0
06196,"1,000","6,390,780,000","1,518,000,000","132,000,000 ",1
01636,"4,000","2,526,174,720","625,284,000","185,544,000 ",1
01340,"2,000","825,092,200","122,484,000","60,000,000 ",1
03636,100,"2,951,770,800","89,447,600","38,890,600 ",1
02608,"1,000","9,600,000,000","500,000,000","30,795,000 ",0
00798,"4,000","4,360,000,000","1,000,000,000","39,040,000 ",0
06138,"1,000","10,068,488,100","3,023,570,000","82,895,000 ",1
01400,"5,000","828,200,000","260,000,000","25,000,000 ",0
02100,"2,000","7,343,497,200","706,106,000","62,548,000 ",0
01771,"1,000",N/A,"150,000,000","15,000,000 ",0
01397,"4,000","498,000,000","115,000,000","50,000,000 ",1
02255,"1,000","10,720,000,000","1,000,000,000","100,000,000 ",0
02111,"2,000","2,546,945,000","268,778,000","25,000,000 ",0
01599,"1,000","1,280,192,100","387,937,000","12,992,000 ",1
06188,500,"2,335,665,700","166,667,000","6,871,000 ",0
01980,"1,000","6,450,455,100","304,267,000","121,708,000 ",0
01321,"2,000",N/A,"468,000,000","3,792,000 ",0
02186,500,"19,660,757,151","1,149,586,000","99,964,000 ",1
01848,500,"4,580,807,420","131,800,000","13,180,000 ",1
01432,"1,000","18,745,480,000","444,800,000","44,480,000 ",0
01856,"1,000","1,200,620,000","66,000,000","6,600,000 ",0
01367,"4,000","297,600,000","120,000,000","36,000,000 ",0
02399,"1,000","2,112,000,000","120,000,000","12,000,000 ",0
06123,"2,000","539,500,000","115,000,000","30,000,000 ",0
01418,"2,000","2,359,500,000","750,000,000","75,000,000 ",1
01253,"2,000","1,349,568,000","214,800,000","9,182,000 ",1
00288,500,"90,820,210,888","2,952,510,000","256,740,000 ",0
00400,"1,000","6,155,520,000","343,800,000","103,140,000 ",0
06166,"1,000","6,141,153,750","365,641,000","31,968,000 ",0
01285,"1,000",N/A,"115,000,000","30,000,000",0
01395,"5,000","480,000,000","200,000,000","100,000,000 ",0
01811,"2,000","7,423,125,520","1,189,024,000","516,968,000 ",0
01365,"1,000","4,276,406,520","268,619,000","8,556,000 ",0
06116,200,"4,099,877,600","138,643,000","11,555,600",0
01347,"1,000","12,613,234,203","228,696,000","22,870,000 ",0
03822,"2,000","600,000,000","100,000,000","50,000,000 ",0
06893,"2,000","960,000,000","200,000,000","100,000,000",0
02221,"4,000","360,000,000","100,000,000","50,000,000 ",0
06118,"1,000","1,599,255,840","137,582,000","62,500,000 ",0
01305,"1,000","740,000,000","50,000,000","25,000,000 ",0
01317,"2,000","4,095,380,000","334,000,000","167,000,000 ",0
01289,500,N/A,"32,000,000","9,600,000",0
01480,"2,000","300,000,000","60,000,000","18,000,000",0
06882,"2,000","743,626,000","127,450,000","62,500,000",1
06869,500,"3,492,093,322","159,870,000","15,987,000",0
01816,"1,000","30,666,875,000","10,148,750,000","1,765,000,000 ",0
01443,"2,000","2,158,000,000","325,000,000","97,500,000",0
01669,"2,000","640,000,000","100,000,000","30,000,000 ",0
00520,500,"5,319,003,260","236,536,500","22,710,000",0
01958,500,"20,586,768,684","1,334,872,500","61,941,000 ",1
01381,"1,000",N/A,"500,000,000","50,000,000 ",0
02066,500,"12,033,198,925","1,525,675,000","68,750,000",1
01022,"1,500","3,841,481,925","306,463,500","30,000,000",0
01478,"1,000","3,600,000,000","250,000,000","25,000,000",0
